<?xml version="1.0" encoding="UTF-8"?>
<?xml-stylesheet type='text/xsl' href='C:\Users\Luizemara\Documents\Geosoft\Desktop Applications\stylesheets\Geosoft[geosoft.xslt].xslt'?>
<gmd:MD_Metadata xsi:schemaLocation="http://www.isotc211.org/2005/gmd ../schemas/iso19139fra/gmd/gmd.xsd" xmlns:fo="http://www.w3.org/1999/XSL/Format" xmlns:map="urn:brgm:mapping" xmlns:gmd="http://www.isotc211.org/2005/gmd" xmlns:xsi="http://www.w3.org/2001/XMLSchema-instance" xmlns:xlink="http://www.w3.org/1999/xlink" xmlns:gml="http://www.opengis.net/gml" xmlns:gts="http://www.isotc211.org/2005/gts" xmlns:gmx="http://www.isotc211.org/2005/gmx" xmlns:gfc="http://www.isotc211.org/2005/gfc" xmlns:gco="http://www.isotc211.org/2005/gco">
	<geosoft xmlns="http://www.geosoft.com/schema/geo">
		<dataset version="1">
			<geo:metadata_created_by xmlns:geo="http://www.geosoft.com/schema/geo">DESKTOP-LUIZEMA\Luizemara</geo:metadata_created_by>
			<geo:metadata_creation_date xmlns:geo="http://www.geosoft.com/schema/geo">2024-11-02</geo:metadata_creation_date>
			<geo:title xmlns:geo="http://www.geosoft.com/schema/geo">riachao_srtm3arcsec_geog-sirgas2000_surferv7</geo:title>
			<geo:unitofmeasurement xmlns:geo="http://www.geosoft.com/schema/geo">meters above sea level</geo:unitofmeasurement>
			<geo:category xmlns:geo="http://www.geosoft.com/schema/geo">DEM / Elevation / Topography</geo:category>
			<geo:region xmlns:geo="http://www.geosoft.com/schema/geo"/>
			<geo:continent xmlns:geo="http://www.geosoft.com/schema/geo">World</geo:continent>
			<geo:file_format xmlns:geo="http://www.geosoft.com/schema/geo">Geosoft Grid</geo:file_format>
			<geo:resolution xmlns:geo="http://www.geosoft.com/schema/geo">90 m</geo:resolution>
			<geo:weblink xmlns:geo="http://www.geosoft.com/schema/geo">http://www2.jpl.nasa.gov/srtm/</geo:weblink>
			<geo:data_source xmlns:geo="http://www.geosoft.com/schema/geo">NASA</geo:data_source>
			<geo:purpose xmlns:geo="http://www.geosoft.com/schema/geo"/>
			<geo:project_name xmlns:geo="http://www.geosoft.com/schema/geo">g:\meu drive\1039\1039_zenodo_recuperando-gama-nov24.gpf</geo:project_name>
			<geo:project_type xmlns:geo="http://www.geosoft.com/schema/geo"/>
			<geo:subject xmlns:geo="http://www.geosoft.com/schema/geo">Geography</geo:subject>
			<geo:description xmlns:geo="http://www.geosoft.com/schema/geo">The Shuttle Radar Topography Mission (SRTM) obtained elevation data on a near-global scale to
generate the most complete high-resolution digital topographic database of Earth. SRTM consisted of a specially modified radar system that flew onboard the Space Shuttle Endeavour during an 11-day mission in February of 2000.

SRTM is an international project spearheaded by the National Geospatial-Intelligence Agency
(NGA) and the National Aeronautics and Space Administration (NASA).

As of July, 2005, Information about the data can be obtained from: http://srtm.usgs.gov/

Further information about the mission can be obtained from: http://www2.jpl.nasa.gov/srtm/

Elevation data of the entire world (except the oceans) is available at a 90 metre resolution.

Geosoft has placed these data sets on the public Geosoft DAP server as a service to Geosoft
technology users. Data can be browsed and downloaded from the DAP tool within Geosoft Oasis montaj, ArcGIS and MapInfo. ArcGIS and MapInfo both require a Geosoft plug-in that is available from Geosoft.</geo:description>
			<geo:Metadata_created_by xmlns:geo="http://www.geosoft.com/schema/geo"/>
			<geo:data_created_by xmlns:geo="http://www.geosoft.com/schema/geo">DESKTOP-LUIZEMA\Luizemara</geo:data_created_by>
			<geo:data_creation_date xmlns:geo="http://www.geosoft.com/schema/geo">2024-11-02</geo:data_creation_date>
			<lineage>
				<process name="geogxnet.dll(Geosoft.GX.GridUtils.CopyConvertMultiGrids;Run)" user="DESKTOP-LUIZEMA\Luizemara" version="Version 2023.2 (20231121.28)" date="2024-11-02" time="18:49:17">
					<parameter name="GRIDCOPY::DISPLAY_OPTION" value="Do not display" type="string"/>
					<parameter name="GRIDCOPY::IN" value="..\__IGcUSP\GA1\Projetos_GAI\Crateras\grd\riachao_srtm3arcsec_geog-sirgas2000.grd(GRD)" type="string"/>
					<parameter name="GRIDCOPY::OUT" value="..\__IGcUSP\GA1\Projetos_GAI\Crateras\surfer\riachao_srtm3arcsec_geog-sirgas2000_surferv7.grd(SRF;VER=V7)" type="string"/>
					<parameter name="GRIDCOPY::OUT_FORMAT" value="SRF;VER=V7" type="string"/>
					<parameter name="GRIDCOPY::OVERWRITE" value="1" type="integer"/>
					<source name="G:\Meu Drive\__IGcUSP\GA1\Projetos_GAI\Crateras\grd\riachao_srtm3arcsec_geog-sirgas2000.grd" type="GRID">
						<lineage>
							<process name="gridrepj.gx" displaystring="Reproject grids" user="DESKTOP-LUIZEMA\Luizemara" version="Version 2023.2 (20231121.28)" date="2024-11-02" time="18:46:24">
								<parameter name="GRIDREPJ::NEWCELL" value="0.000833333333333333" type="double"/>
								<parameter name="GRIDREPJ::NEWGRID" value="..\__IGcUSP\GA1\Projetos_GAI\Crateras\grd\riachao_srtm3arcsec_geog-sirgas2000.grd(GRD)" type="string"/>
								<parameter name="GRIDREPJ::NEWIPJ_XML" value="&lt;?xml version=&quot;1.0&quot; encoding=&quot;UTF-8&quot;?&gt;&#xA;&lt;projection type=&quot;GEOGRAPHIC&quot; name=&quot;SIRGAS 2000&quot; ellipsoid=&quot;GRS 1980&quot; datum=&quot;SIRGAS 2000&quot; wellknown_epsg=&quot;4674&quot; datumtrf=&quot;SIRGAS 2000 to WGS 84 (1)&quot; datumtrf_epsg=&quot;15894&quot; datumtrf_description=&quot;[SIRGAS 2000] (1m) Latin America - SIRGAS 2000 by country&quot; radius=&quot;6378137&quot; eccentricity=&quot;0.081819191042815792&quot; xmlns=&quot;http://www.geosoft.com/schema/geo&quot;&gt;&#xA;	&lt;shift x=&quot;0&quot; y=&quot;0&quot; z=&quot;0&quot;/&gt;&#xA;	&lt;units name=&quot;dega&quot; unit_scale=&quot;1&quot;/&gt;&#xA;&lt;/projection&gt;&#xA;" type="string"/>
								<parameter name="GRIDREPJ::OLDGRID" value="..\__IGcUSP\GA1\Projetos_GAI\Crateras\grd\riachao_srtm3arcsec.grd(GRD)" type="string"/>
								<parameter name="GRIDREPJ::OLDIPJ_XML" value="&lt;?xml version=&quot;1.0&quot; encoding=&quot;UTF-8&quot;?&gt;&#xA;&lt;projection type=&quot;GEOGRAPHIC&quot; name=&quot;WGS 84&quot; ellipsoid=&quot;WGS 84&quot; datum=&quot;WGS 84&quot; wellknown_epsg=&quot;4326&quot; datumtrf=&quot;WGS 84&quot; datumtrf_description=&quot;[WGS 84] World&quot; radius=&quot;6378137&quot; eccentricity=&quot;0.08181919084&quot; xmlns=&quot;http://www.geosoft.com/schema/geo&quot;&gt;&#xA;	&lt;shift x=&quot;0&quot; y=&quot;0&quot; z=&quot;0&quot;/&gt;&#xA;	&lt;units name=&quot;dega&quot; unit_scale=&quot;1&quot;/&gt;&#xA;&lt;/projection&gt;&#xA;" type="string"/>
								<parameter name="IPJSET::PROJECTION" value="&lt;?xml version=&quot;1.0&quot; encoding=&quot;UTF-8&quot;?&gt;&#xA;&lt;projection type=&quot;GEOGRAPHIC&quot; name=&quot;SIRGAS 2000&quot; ellipsoid=&quot;GRS 1980&quot; datum=&quot;SIRGAS 2000&quot; wellknown_epsg=&quot;4674&quot; datumtrf=&quot;SIRGAS 2000 to WGS 84 (1)&quot; datumtrf_epsg=&quot;15894&quot; datumtrf_description=&quot;[SIRGAS 2000] (1m) Latin America - SIRGAS 2000 by country&quot; radius=&quot;6378137&quot; eccentricity=&quot;0.081819191042815792&quot; xmlns=&quot;http://www.geosoft.com/schema/geo&quot;&gt;&#xA;	&lt;shift x=&quot;0&quot; y=&quot;0&quot; z=&quot;0&quot;/&gt;&#xA;	&lt;units name=&quot;dega&quot; unit_scale=&quot;1&quot;/&gt;&#xA;&lt;/projection&gt;&#xA;" type="string"/>
								<source name="g:\meu drive\__IGcUSP\GA1\Projetos_GAI\Crateras\grd\riachao_srtm3arcsec.grd" type="GRID"/>
							</process>
						</lineage>
					</source>
				</process>
			</lineage>
			<georeference>
				<dataextents>
					<extent2d minx="-46.795000000000073" miny="-7.8658333333333559" maxx="-46.493333333333403" maxy="-7.5633333333333557"/>
				</dataextents>
				<projection type="GEOGRAPHIC" name="SIRGAS 2000" ellipsoid="GRS 1980" datum="SIRGAS 2000" wellknown_epsg="4674" datumtrf="SIRGAS 2000 to WGS 84 (1)" datumtrf_epsg="15894" datumtrf_description="[SIRGAS 2000] (1m) Latin America - SIRGAS 2000 by country" radius="6378137" eccentricity="0.081819191042815792">
					<shift x="0" y="0" z="0"/>
					<units name="dega" unit_scale="1"/>
				</projection>
			</georeference>
		</dataset>
	</geosoft>
	<gmd:identificationInfo>
		<gmd:MD_DataIdentification>
			<gmd:citation>
				<gmd:CI_Citation>
					<gmd:date>
						<gmd:CI_Date>
							<gmd:date>
								<gco:Date>2024-11-2</gco:Date>
							</gmd:date>
						</gmd:CI_Date>
					</gmd:date>
					<gmd:title>
						<gco:CharacterString>riachao_srtm3arcsec_geog-sirgas2000_surferv7</gco:CharacterString>
					</gmd:title>
					<gmd:collectiveTitle>
						<gco:CharacterString>g:\meu drive\1039\1039_zenodo_recuperando-gama-nov24.gpf</gco:CharacterString>
					</gmd:collectiveTitle>
				</gmd:CI_Citation>
			</gmd:citation>
			<gmd:resourceFormat>
				<gmd:MD_Format>
					<gmd:name>
						<gco:CharacterString>Geosoft Grid</gco:CharacterString>
					</gmd:name>
				</gmd:MD_Format>
			</gmd:resourceFormat>
			<gmd:descriptiveKeywords>
				<gmd:MD_Keywords>
					<gmd:keyword>
						<gco:CharacterString>DEM / Elevation / Topography</gco:CharacterString>
					</gmd:keyword>
					<gmd:keyword>
						<gco:CharacterString>World</gco:CharacterString>
					</gmd:keyword>
					<gmd:keyword>
						<gco:CharacterString>Geography</gco:CharacterString>
					</gmd:keyword>
				</gmd:MD_Keywords>
			</gmd:descriptiveKeywords>
			<gmd:resourceSpecificUsage>
				<gmd:MD_Usage/>
			</gmd:resourceSpecificUsage>
			<gmd:spatialResolution>
				<gmd:MD_Resolution>
					<gmd:distance>90 m</gmd:distance>
				</gmd:MD_Resolution>
			</gmd:spatialResolution>
			<gmd:extent>
				<gmd:EX_Extent>
					<gmd:geographicElement>
						<gmd:EX_GeographicBoundingBox>
							<gmd:westBoundLongitude>
								<gco:Decimal>-46.795000000000066</gco:Decimal>
							</gmd:westBoundLongitude>
							<gmd:eastBoundLongitude>
								<gco:Decimal>-46.49333333333341</gco:Decimal>
							</gmd:eastBoundLongitude>
							<gmd:southBoundLatitude>
								<gco:Decimal>-7.8658333330738479</gco:Decimal>
							</gmd:southBoundLatitude>
							<gmd:northBoundLatitude>
								<gco:Decimal>-7.5633333330835848</gco:Decimal>
							</gmd:northBoundLatitude>
						</gmd:EX_GeographicBoundingBox>
					</gmd:geographicElement>
				</gmd:EX_Extent>
			</gmd:extent>
			<geox:unitofmeasurement xmlns:geox="http://www.geosoft.com/schema/iso_geophysics_extension">
				<gco:CharacterString>meters above sea level</gco:CharacterString>
			</geox:unitofmeasurement>
			<gmd:abstract>
				<gco:CharacterString>The Shuttle Radar Topography Mission (SRTM) obtained elevation data on a near-global scale to
generate the most complete high-resolution digital topographic database of Earth. SRTM consisted of a specially modified radar system that flew onboard the Space Shuttle Endeavour during an 11-day mission in February of 2000.

SRTM is an international project spearheaded by the National Geospatial-Intelligence Agency
(NGA) and the National Aeronautics and Space Administration (NASA).

As of July, 2005, Information about the data can be obtained from: http://srtm.usgs.gov/

Further information about the mission can be obtained from: http://www2.jpl.nasa.gov/srtm/

Elevation data of the entire world (except the oceans) is available at a 90 metre resolution.

Geosoft has placed these data sets on the public Geosoft DAP server as a service to Geosoft
technology users. Data can be browsed and downloaded from the DAP tool within Geosoft Oasis montaj, ArcGIS and MapInfo. ArcGIS and MapInfo both require a Geosoft plug-in that is available from Geosoft.</gco:CharacterString>
			</gmd:abstract>
			<gmd:pointOfContact>
				<gmd:CI_ResponsibleParty>
					<gmd:individualName>
						<gco:CharacterString>DESKTOP-LUIZEMA\Luizemara</gco:CharacterString>
					</gmd:individualName>
				</gmd:CI_ResponsibleParty>
			</gmd:pointOfContact>
		</gmd:MD_DataIdentification>
	</gmd:identificationInfo>
	<gmd:contact>
		<gmd:CI_ResponsibleParty>
			<gmd:individualName>
				<gco:CharacterString>DESKTOP-LUIZEMA\Luizemara</gco:CharacterString>
			</gmd:individualName>
		</gmd:CI_ResponsibleParty>
		<gmd:C_ResponsibleParty/>
	</gmd:contact>
	<gmd:dataQualityInfo>
		<gmd:DQ_DataQuality>
			<gmd:lineage>
				<gmd:LI_Lineage>
					<gmd:processStep xlink:type="Geosoft Process" xlink:title="geogxnet.dll(Geosoft.GX.GridUtils.CopyConvertMultiGrids;Run)">
						<gmd:LI_ProcessStep>
							<gmd:dateTime>
								<gco:DateTime>2024-11-02T18:49:17</gco:DateTime>
							</gmd:dateTime>
							<gmd:processor>
								<gmd:CI_ResponsibleParty>
									<gmd:individualName>
										<gco:CharacterString>DESKTOP-LUIZEMA\Luizemara</gco:CharacterString>
									</gmd:individualName>
								</gmd:CI_ResponsibleParty>
							</gmd:processor>
							<gmd:source xlink:type="Data Parameter" xlink:role="GRIDCOPY::DISPLAY_OPTION" xlink:title="Do not display">
								<gmd:LI_Source/>
							</gmd:source>
							<gmd:source xlink:type="Data Parameter" xlink:role="GRIDCOPY::IN" xlink:title="..\__IGcUSP\GA1\Projetos_GAI\Crateras\grd\riachao_srtm3arcsec_geog-sirgas2000.grd(GRD)">
								<gmd:LI_Source/>
							</gmd:source>
							<gmd:source xlink:type="Data Parameter" xlink:role="GRIDCOPY::OUT" xlink:title="..\__IGcUSP\GA1\Projetos_GAI\Crateras\surfer\riachao_srtm3arcsec_geog-sirgas2000_surferv7.grd(SRF;VER=V7)">
								<gmd:LI_Source/>
							</gmd:source>
							<gmd:source xlink:type="Data Parameter" xlink:role="GRIDCOPY::OUT_FORMAT" xlink:title="SRF;VER=V7">
								<gmd:LI_Source/>
							</gmd:source>
							<gmd:source xlink:type="Data Parameter" xlink:role="GRIDCOPY::OVERWRITE" xlink:title="1">
								<gmd:LI_Source/>
							</gmd:source>
							<gmd:source xlink:type="Data Source" xlink:role="GRID" xlink:title="G:\Meu Drive\__IGcUSP\GA1\Projetos_GAI\Crateras\grd\riachao_srtm3arcsec_geog-sirgas2000.grd">
								<gmd:LI_Source/>
							</gmd:source>
						</gmd:LI_ProcessStep>
					</gmd:processStep>
				</gmd:LI_Lineage>
			</gmd:lineage>
		</gmd:DQ_DataQuality>
	</gmd:dataQualityInfo>
	<gmd:dataSetURI>
		<gco:CharacterString>http://www2.jpl.nasa.gov/srtm/</gco:CharacterString>
	</gmd:dataSetURI>
	<gmd:dateStamp>
		<gco:Date>2024-11-2</gco:Date>
	</gmd:dateStamp>
	<gmd:referenceSystemInfo>
		<gmd:MD_ReferenceSystem>
			<gmd:referenceSystemIdentifier>
				<gmd:RS_Identifier>
					<gmd:codeSpace>
						<gco:CharacterString>ESRI</gco:CharacterString>
					</gmd:codeSpace>
					<gmd:code>
						<gco:CharacterString>GEOGCS["GCS_SIRGAS_2000",DATUM["D_SIRGAS_2000",SPHEROID["GRS_1980",6378137.0,298.257222101]],PRIMEM["Greenwich",0.0],UNIT["Degree",0.0174532925199433],AUTHORITY["EPSG",4674]]</gco:CharacterString>
					</gmd:code>
					<gmd:version>
						<gco:CharacterString>1</gco:CharacterString>
					</gmd:version>
				</gmd:RS_Identifier>
			</gmd:referenceSystemIdentifier>
		</gmd:MD_ReferenceSystem>
	</gmd:referenceSystemInfo>
</gmd:MD_Metadata>