<?xml version="1.0" encoding="UTF-8"?>
<gmd:MD_Metadata xsi:schemaLocation="http://www.isotc211.org/2005/gmd ../schemas/iso19139fra/gmd/gmd.xsd" xmlns:fo="http://www.w3.org/1999/XSL/Format" xmlns:map="urn:brgm:mapping" xmlns:gmd="http://www.isotc211.org/2005/gmd" xmlns:xsi="http://www.w3.org/2001/XMLSchema-instance" xmlns:xlink="http://www.w3.org/1999/xlink" xmlns:gml="http://www.opengis.net/gml" xmlns:gts="http://www.isotc211.org/2005/gts" xmlns:gmx="http://www.isotc211.org/2005/gmx" xmlns:gfc="http://www.isotc211.org/2005/gfc" xmlns:gco="http://www.isotc211.org/2005/gco">
	<geosoft xmlns="http://www.geosoft.com/schema/geo">
		<dataset version="1">
			<title>colonia_1039_K_geog-sirgas2000_surferv7</title>
			<file_format>Geosoft Grid</file_format>
			<project_name>g:\meu drive\1039\1039_zenodo_recuperando-gama-nov24.gpf</project_name>
			<data_created_by>DESKTOP-LUIZEMA\Luizemara</data_created_by>
			<data_creation_date>2024-11-02</data_creation_date>
			<metadata_created_by>DESKTOP-LUIZEMA\Luizemara</metadata_created_by>
			<metadata_creation_date>2024-11-02</metadata_creation_date>
			<lineage>
				<process name="geogxnet.dll(Geosoft.GX.GridUtils.CopyConvertMultiGrids;Run)" user="DESKTOP-LUIZEMA\Luizemara" version="Version 2023.2 (20231121.28)" date="2024-11-02" time="18:32:57">
					<parameter name="GRIDCOPY::DISPLAY_OPTION" value="Do not display" type="string"/>
					<parameter name="GRIDCOPY::IN" value="..\__IGcUSP\GA1\Projetos_GAI\Crateras\grd\colonia_1039_K_geog-sirgas2000.grd(GRD)" type="string"/>
					<parameter name="GRIDCOPY::OUT" value="..\__IGcUSP\GA1\Projetos_GAI\Crateras\surfer\colonia_1039_K_geog-sirgas2000_surferv7.grd(SRF;VER=V7)" type="string"/>
					<parameter name="GRIDCOPY::OUT_FORMAT" value="SRF;VER=V7" type="string"/>
					<parameter name="GRIDCOPY::OVERWRITE" value="1" type="integer"/>
					<source name="G:\Meu Drive\__IGcUSP\GA1\Projetos_GAI\Crateras\grd\colonia_1039_K_geog-sirgas2000.grd" type="GRID">
						<lineage>
							<process name="gridmask.gx" displaystring="GRIDMASK" user="DESKTOP-LUIZEMA\Luizemara" version="Version 2023.2 (20231121.28)" date="2024-11-02" time="18:23:33">
								<parameter name="GRIDMASK::GRDIN" value="..\__IGcUSP\GA1\Projetos_GAI\Crateras\grd\1039_K_geografica-sirgas2000.grd(GRD)" type="string"/>
								<parameter name="GRIDMASK::GRDOUT" value="..\__IGcUSP\GA1\Projetos_GAI\Crateras\grd\colonia_1039_K_geog-sirgas2000.grd(GRD)" type="string"/>
								<parameter name="GRIDMASK::MASKOPT" value="OUTSIDE" type="string"/>
								<parameter name="GRIDMASK::POLY" value="..\__IGcUSP\GA1\Projetos_GAI\Crateras\ply\colonia.ply" type="string"/>
								<parameter name="GRIDMASK::RESIZE" value="YES" type="string"/>
								<source name="g:\meu drive\1039\__gmasktmp.grd" type="GRID"/>
								<source name="g:\meu drive\__IGcUSP\GA1\Projetos_GAI\Crateras\grd\1039_K_geografica-sirgas2000.grd" type="GRID"/>
							</process>
						</lineage>
					</source>
				</process>
			</lineage>
			<georeference>
				<dataextents>
					<extent2d minx="310717.50390478049" miny="7343094.4852880295" maxx="341217.50390478049" maxy="7376094.4852880295"/>
				</dataextents>
				<projection type="TRANSVERSE_MERCATOR" name="SIRGAS 2000 / UTM zone 23S" wellknown_epsg="31983" projection="UTM zone 23S" ellipsoid="GRS 1980" datum="SIRGAS 2000" datumtrf="SIRGAS 2000 to WGS 84 (1)" datumtrf_epsg="15894" datumtrf_description="[SIRGAS 2000] (1m) Latin America - SIRGAS 2000 by country" radius="6378137" eccentricity="0.081819191042815792">
					<shift x="0" y="0" z="0"/>
					<parameters scale="0.9996" false_east="500000" false_north="10000000" lat_origin="0" lon_origin="-45"/>
					<units name="m" unit_scale="1"/>
				</projection>
			</georeference>
		</dataset>
	</geosoft>
	<gmd:dataQualityInfo>
		<gmd:DQ_DataQuality>
			<gmd:lineage>
				<gmd:LI_Lineage>
					<gmd:processStep xlink:type="Geosoft Process" xlink:title="geogxnet.dll(Geosoft.GX.GridUtils.CopyConvertMultiGrids;Run)">
						<gmd:LI_ProcessStep>
							<gmd:dateTime>
								<gco:DateTime>2024-11-02T18:32:57</gco:DateTime>
							</gmd:dateTime>
							<gmd:processor>
								<gmd:CI_ResponsibleParty>
									<gmd:individualName>
										<gco:CharacterString>DESKTOP-LUIZEMA\Luizemara</gco:CharacterString>
									</gmd:individualName>
								</gmd:CI_ResponsibleParty>
							</gmd:processor>
							<gmd:source xlink:type="Data Parameter" xlink:role="GRIDCOPY::DISPLAY_OPTION" xlink:title="Do not display">
								<gmd:LI_Source/>
							</gmd:source>
							<gmd:source xlink:type="Data Parameter" xlink:role="GRIDCOPY::IN" xlink:title="..\__IGcUSP\GA1\Projetos_GAI\Crateras\grd\colonia_1039_K_geog-sirgas2000.grd(GRD)">
								<gmd:LI_Source/>
							</gmd:source>
							<gmd:source xlink:type="Data Parameter" xlink:role="GRIDCOPY::OUT" xlink:title="..\__IGcUSP\GA1\Projetos_GAI\Crateras\surfer\colonia_1039_K_geog-sirgas2000_surferv7.grd(SRF;VER=V7)">
								<gmd:LI_Source/>
							</gmd:source>
							<gmd:source xlink:type="Data Parameter" xlink:role="GRIDCOPY::OUT_FORMAT" xlink:title="SRF;VER=V7">
								<gmd:LI_Source/>
							</gmd:source>
							<gmd:source xlink:type="Data Parameter" xlink:role="GRIDCOPY::OVERWRITE" xlink:title="1">
								<gmd:LI_Source/>
							</gmd:source>
							<gmd:source xlink:type="Data Source" xlink:role="GRID" xlink:title="G:\Meu Drive\__IGcUSP\GA1\Projetos_GAI\Crateras\grd\colonia_1039_K_geog-sirgas2000.grd">
								<gmd:LI_Source/>
							</gmd:source>
						</gmd:LI_ProcessStep>
					</gmd:processStep>
				</gmd:LI_Lineage>
			</gmd:lineage>
		</gmd:DQ_DataQuality>
	</gmd:dataQualityInfo>
	<gmd:identificationInfo>
		<gmd:MD_DataIdentification>
			<gmd:citation>
				<gmd:CI_Citation>
					<gmd:title>
						<gco:CharacterString>colonia_1039_K_geog-sirgas2000_surferv7</gco:CharacterString>
					</gmd:title>
					<gmd:collectiveTitle>
						<gco:CharacterString>g:\meu drive\1039\1039_zenodo_recuperando-gama-nov24.gpf</gco:CharacterString>
					</gmd:collectiveTitle>
					<gmd:date>
						<gmd:CI_Date>
							<gmd:date>
								<gco:Date>2024-11-2</gco:Date>
							</gmd:date>
						</gmd:CI_Date>
					</gmd:date>
				</gmd:CI_Citation>
			</gmd:citation>
			<gmd:resourceFormat>
				<gmd:MD_Format>
					<gmd:name>
						<gco:CharacterString>Geosoft Grid</gco:CharacterString>
					</gmd:name>
				</gmd:MD_Format>
			</gmd:resourceFormat>
			<gmd:pointOfContact>
				<gmd:CI_ResponsibleParty>
					<gmd:individualName>
						<gco:CharacterString>DESKTOP-LUIZEMA\Luizemara</gco:CharacterString>
					</gmd:individualName>
				</gmd:CI_ResponsibleParty>
			</gmd:pointOfContact>
			<gmd:extent>
				<gmd:EX_Extent>
					<gmd:geographicElement>
						<gmd:EX_GeographicBoundingBox>
							<gmd:westBoundLongitude>
								<gco:Decimal>-46.86094730953554</gco:Decimal>
							</gmd:westBoundLongitude>
							<gmd:eastBoundLongitude>
								<gco:Decimal>-46.557610236749724</gco:Decimal>
							</gmd:eastBoundLongitude>
							<gmd:southBoundLatitude>
								<gco:Decimal>-24.016243684514354</gco:Decimal>
							</gmd:southBoundLatitude>
							<gmd:northBoundLatitude>
								<gco:Decimal>-23.714982849174721</gco:Decimal>
							</gmd:northBoundLatitude>
						</gmd:EX_GeographicBoundingBox>
					</gmd:geographicElement>
				</gmd:EX_Extent>
			</gmd:extent>
		</gmd:MD_DataIdentification>
	</gmd:identificationInfo>
	<gmd:contact>
		<gmd:CI_ResponsibleParty>
			<gmd:individualName>
				<gco:CharacterString>DESKTOP-LUIZEMA\Luizemara</gco:CharacterString>
			</gmd:individualName>
		</gmd:CI_ResponsibleParty>
	</gmd:contact>
	<gmd:dateStamp>
		<gco:Date>2024-11-2</gco:Date>
	</gmd:dateStamp>
	<gmd:referenceSystemInfo>
		<gmd:MD_ReferenceSystem>
			<gmd:referenceSystemIdentifier>
				<gmd:RS_Identifier>
					<gmd:codeSpace>
						<gco:CharacterString>ESRI</gco:CharacterString>
					</gmd:codeSpace>
					<gmd:code>
						<gco:CharacterString>PROJCS["SIRGAS_2000_UTM_Zone_23S",GEOGCS["GCS_SIRGAS_2000",DATUM["D_SIRGAS_2000",SPHEROID["GRS_1980",6378137.0,298.257222101]],PRIMEM["Greenwich",0.0],UNIT["Degree",0.0174532925199433]],PROJECTION["Transverse_Mercator"],PARAMETER["False_Easting",500000.0],PARAMETER["False_Northing",10000000.0],PARAMETER["Central_Meridian",-45.0],PARAMETER["Scale_Factor",0.9996],PARAMETER["Latitude_Of_Origin",0.0],UNIT["Meter",1.0],AUTHORITY["EPSG",31983]]</gco:CharacterString>
					</gmd:code>
					<gmd:version>
						<gco:CharacterString>1</gco:CharacterString>
					</gmd:version>
				</gmd:RS_Identifier>
			</gmd:referenceSystemIdentifier>
		</gmd:MD_ReferenceSystem>
	</gmd:referenceSystemInfo>
</gmd:MD_Metadata>