<?xml version="1.0" encoding="UTF-8"?>
<gmd:MD_Metadata xsi:schemaLocation="http://www.isotc211.org/2005/gmd ../schemas/iso19139fra/gmd/gmd.xsd" xmlns:fo="http://www.w3.org/1999/XSL/Format" xmlns:map="urn:brgm:mapping" xmlns:gmd="http://www.isotc211.org/2005/gmd" xmlns:xsi="http://www.w3.org/2001/XMLSchema-instance" xmlns:xlink="http://www.w3.org/1999/xlink" xmlns:gml="http://www.opengis.net/gml" xmlns:gts="http://www.isotc211.org/2005/gts" xmlns:gmx="http://www.isotc211.org/2005/gmx" xmlns:gfc="http://www.isotc211.org/2005/gfc" xmlns:gco="http://www.isotc211.org/2005/gco">
	<geosoft xmlns="http://www.geosoft.com/schema/geo">
		<dataset version="1">
			<lineage>
				<process name="MapExport" user="GSA-SALA22BLOCO\Usuaria" version="Version 2023.1 (20230609.29)" date="2024-10-08" time="18:33:01">
					<parameter name="MAPEXPORT.ACTIVEVIEW" value="Base" type="string"/>
					<parameter name="MAPEXPORT.BITS" value="24" type="integer"/>
					<parameter name="MAPEXPORT.CELLSIZE" value="0.0846666666666667" type="double"/>
					<parameter name="MAPEXPORT.DITHER" value="FloydsteinDithering" type="string"/>
					<parameter name="MAPEXPORT.FORMAT" value="GeoTIFF (*.tif)" type="string"/>
					<parameter name="MAPEXPORT.MAXX" value="226.8207" type="double"/>
					<parameter name="MAPEXPORT.MAXY" value="207.060699098787" type="double"/>
					<parameter name="MAPEXPORT.MINX" value="6.82121026329696e-15" type="double"/>
					<parameter name="MAPEXPORT.MINY" value="-6.7991934359456" type="double"/>
					<parameter name="MAPEXPORT.NAME" value=".\zenodo_OUT2024\GEOTIFF\ribeira_grav_bouguer_hp-but250km-8th.tif" type="string"/>
					<parameter name="MAPEXPORT.OPTIONS" value="" type="string"/>
					<parameter name="MAPEXPORT.OUTPUT" value="FILE" type="string"/>
					<parameter name="MAPEXPORT.SIZEX" value="2679" type="integer"/>
					<parameter name="MAPEXPORT.SIZEY" value="2526" type="integer"/>
					<parameter name="MAPEXPORT.VIEWS" value="2" type="integer"/>
					<source name="geo_XXX7:\se-brasil_grav_bouguer_utm23-sirgas2000_hp-but250km_..._GRD.grd" type="GRID">
						<lineage>
							<process name="geogxnet.dll(Geosoft.GX.FFT2D.MAGMAPFiltering;Run)" user="GSA-SALA22BLOCO\Usuaria" version="Version 2023.1 (20230609.29)" date="2024-10-08" time="18:28:15">
								<parameter name="MAGMAP1::ALIM" value="" type="string"/>
								<parameter name="MAGMAP1::CONFIL" value=".\lp.con" type="string"/>
								<parameter name="MAGMAP1::ELIM" value="" type="string"/>
								<parameter name="MAGMAP1::FILL" value="maximum entropy" type="string"/>
								<parameter name="MAGMAP1::INGRD" value=".\zenodo_OUT2024\ribeira_grav\se-brasil_grav_bouguer_utm23-sirgas2000.grd(GRD)" type="string"/>
								<parameter name="MAGMAP1::OUTGRD" value=".\zenodo_OUT2024\ribeira\oasis_grd\se-brasil_grav_bouguer_utm23-sirgas2000_hp-but250km.grd(GRD)" type="string"/>
								<parameter name="MAGMAP1::PEX" value="10" type="string"/>
								<parameter name="MAGMAP1::PREP" value="yes" type="string"/>
								<parameter name="MAGMAP1::TBASE" value="edge points" type="string"/>
								<parameter name="MAGMAP1::TEX" value="square" type="string"/>
								<parameter name="MAGMAP1::TORDER" value="first order" type="string"/>
								<parameter name="MAGMAP1::ZDIST" value="" type="string"/>
								<source name="d:\_aerogeofisicauniao\se-brasil_grav_bouguer_utm23-sirgas2000_prp.grd" type="GRID"/>
								<source name="d:\_aerogeofisicauniao\se-brasil_grav_bouguer_utm23-sirgas2000_trn.grd" type="GRID"/>
								<source name="d:\_aerogeofisicauniao\zenodo_OUT2024\ribeira_grav\se-brasil_grav_bouguer_utm23-sirgas2000.grd" type="GRID"/>
							</process>
						</lineage>
					</source>
				</process>
			</lineage>
			<title>ribeira_grav_bouguer_hp-but250km-8th</title>
			<file_format>tif</file_format>
			<project_name>d:\_aerogeofisicauniao\aerouniao.gpf</project_name>
			<data_created_by>GSA-SALA22BLOCO\Usuaria</data_created_by>
			<data_creation_date>2024-10-08</data_creation_date>
			<metadata_created_by>GSA-SALA22BLOCO\Usuaria</metadata_created_by>
			<metadata_creation_date>2024-10-08</metadata_creation_date>
			<georeference>
				<dataextents>
					<extent2d minx="0.042333333333340155" miny="-6.7568601026122703" maxx="226.77966666666669" maxy="207.02647323072105"/>
				</dataextents>
				<projection type="UNKNOWN"/>
			</georeference>
		</dataset>
	</geosoft>
	<gmd:dataQualityInfo>
		<gmd:DQ_DataQuality>
			<gmd:lineage>
				<gmd:LI_Lineage>
					<gmd:processStep xlink:type="Geosoft Process" xlink:title="MapExport">
						<gmd:LI_ProcessStep>
							<gmd:dateTime>
								<gco:DateTime>2024-10-08T18:33:01</gco:DateTime>
							</gmd:dateTime>
							<gmd:processor>
								<gmd:CI_ResponsibleParty>
									<gmd:individualName>
										<gco:CharacterString>GSA-SALA22BLOCO\Usuaria</gco:CharacterString>
									</gmd:individualName>
								</gmd:CI_ResponsibleParty>
							</gmd:processor>
							<gmd:source xlink:type="Data Parameter" xlink:role="MAPEXPORT.ACTIVEVIEW" xlink:title="Base">
								<gmd:LI_Source/>
							</gmd:source>
							<gmd:source xlink:type="Data Parameter" xlink:role="MAPEXPORT.BITS" xlink:title="24">
								<gmd:LI_Source/>
							</gmd:source>
							<gmd:source xlink:type="Data Parameter" xlink:role="MAPEXPORT.CELLSIZE" xlink:title="0.0846666666666667">
								<gmd:LI_Source/>
							</gmd:source>
							<gmd:source xlink:type="Data Parameter" xlink:role="MAPEXPORT.DITHER" xlink:title="FloydsteinDithering">
								<gmd:LI_Source/>
							</gmd:source>
							<gmd:source xlink:type="Data Parameter" xlink:role="MAPEXPORT.FORMAT" xlink:title="GeoTIFF (*.tif)">
								<gmd:LI_Source/>
							</gmd:source>
							<gmd:source xlink:type="Data Parameter" xlink:role="MAPEXPORT.MAXX" xlink:title="226.8207">
								<gmd:LI_Source/>
							</gmd:source>
							<gmd:source xlink:type="Data Parameter" xlink:role="MAPEXPORT.MAXY" xlink:title="207.060699098787">
								<gmd:LI_Source/>
							</gmd:source>
							<gmd:source xlink:type="Data Parameter" xlink:role="MAPEXPORT.MINX" xlink:title="6.82121026329696e-15">
								<gmd:LI_Source/>
							</gmd:source>
							<gmd:source xlink:type="Data Parameter" xlink:role="MAPEXPORT.MINY" xlink:title="-6.7991934359456">
								<gmd:LI_Source/>
							</gmd:source>
							<gmd:source xlink:type="Data Parameter" xlink:role="MAPEXPORT.NAME" xlink:title=".\zenodo_OUT2024\GEOTIFF\ribeira_grav_bouguer_hp-but250km-8th.tif">
								<gmd:LI_Source/>
							</gmd:source>
							<gmd:source xlink:type="Data Parameter" xlink:role="MAPEXPORT.OPTIONS" xlink:title="">
								<gmd:LI_Source/>
							</gmd:source>
							<gmd:source xlink:type="Data Parameter" xlink:role="MAPEXPORT.OUTPUT" xlink:title="FILE">
								<gmd:LI_Source/>
							</gmd:source>
							<gmd:source xlink:type="Data Parameter" xlink:role="MAPEXPORT.SIZEX" xlink:title="2679">
								<gmd:LI_Source/>
							</gmd:source>
							<gmd:source xlink:type="Data Parameter" xlink:role="MAPEXPORT.SIZEY" xlink:title="2526">
								<gmd:LI_Source/>
							</gmd:source>
							<gmd:source xlink:type="Data Parameter" xlink:role="MAPEXPORT.VIEWS" xlink:title="2">
								<gmd:LI_Source/>
							</gmd:source>
							<gmd:source xlink:type="Data Source" xlink:role="GRID" xlink:title="geo_XXX7:\se-brasil_grav_bouguer_utm23-sirgas2000_hp-but250km_..._GRD.grd">
								<gmd:LI_Source/>
							</gmd:source>
						</gmd:LI_ProcessStep>
					</gmd:processStep>
				</gmd:LI_Lineage>
			</gmd:lineage>
		</gmd:DQ_DataQuality>
	</gmd:dataQualityInfo>
	<gmd:identificationInfo>
		<gmd:MD_DataIdentification>
			<gmd:citation>
				<gmd:CI_Citation>
					<gmd:title>
						<gco:CharacterString>ribeira_grav_bouguer_hp-but250km-8th</gco:CharacterString>
					</gmd:title>
					<gmd:collectiveTitle>
						<gco:CharacterString>d:\_aerogeofisicauniao\aerouniao.gpf</gco:CharacterString>
					</gmd:collectiveTitle>
					<gmd:date>
						<gmd:CI_Date>
							<gmd:date>
								<gco:Date>2024-10-8</gco:Date>
							</gmd:date>
						</gmd:CI_Date>
					</gmd:date>
				</gmd:CI_Citation>
			</gmd:citation>
			<gmd:resourceFormat>
				<gmd:MD_Format>
					<gmd:name>
						<gco:CharacterString>tif</gco:CharacterString>
					</gmd:name>
				</gmd:MD_Format>
			</gmd:resourceFormat>
			<gmd:pointOfContact>
				<gmd:CI_ResponsibleParty>
					<gmd:individualName>
						<gco:CharacterString>GSA-SALA22BLOCO\Usuaria</gco:CharacterString>
					</gmd:individualName>
				</gmd:CI_ResponsibleParty>
			</gmd:pointOfContact>
		</gmd:MD_DataIdentification>
	</gmd:identificationInfo>
	<gmd:contact>
		<gmd:CI_ResponsibleParty>
			<gmd:individualName>
				<gco:CharacterString>GSA-SALA22BLOCO\Usuaria</gco:CharacterString>
			</gmd:individualName>
		</gmd:CI_ResponsibleParty>
	</gmd:contact>
	<gmd:dateStamp>
		<gco:Date>2024-10-8</gco:Date>
	</gmd:dateStamp>
	<gmd:referenceSystemInfo>
		<gmd:MD_ReferenceSystem>
			<gmd:referenceSystemIdentifier>
				<gmd:RS_Identifier>
					<gmd:codeSpace>
						<gco:CharacterString>Geosoft</gco:CharacterString>
					</gmd:codeSpace>
					<gmd:code>
						<gco:CharacterString>&amp;lt;?xml version=&amp;quot;1.0&amp;quot; encoding=&amp;quot;UTF-8&amp;quot;?&amp;gt;
&amp;lt;projection type=&amp;quot;UNKNOWN&amp;quot; xmlns=&amp;quot;http://www.geosoft.com/schema/geo&amp;quot;/&amp;gt;
</gco:CharacterString>
					</gmd:code>
					<gmd:version>
						<gco:CharacterString>1</gco:CharacterString>
					</gmd:version>
				</gmd:RS_Identifier>
			</gmd:referenceSystemIdentifier>
		</gmd:MD_ReferenceSystem>
	</gmd:referenceSystemInfo>
</gmd:MD_Metadata>